{
  "standard": {
    "rewards": [
      -107592.03821457125,
      -100258.16228509894,
      -109292.33766375836,
      -96132.64332606878,
      -120687.93659437215,
      -112572.35156854866,
      -107426.02238769781,
      -104267.65207134199,
      -107758.74966627861,
      -101658.01862182368,
      -110857.55252446354,
      -106383.56755424618,
      -106727.4525064334,
      -115554.49820117267,
      -110038.7172684127,
      -105321.02562383492,
      -119018.98364558289,
      -101382.95570910515,
      -102935.37104216157,
      -101572.609141507,
      -102842.05353895239,
      -106077.08582647097,
      -107452.18594769709,
      -113165.99954605901,
      -119392.99088275927,
      -115456.83474124946,
      -105820.01651592363,
      -106616.29617873624,
      -116503.53383045556,
      -104647.89479058636,
      -122021.15738960137,
      -100633.45547543842,
      -101857.79899931008,
      -99412.71770472261,
      -122818.26350006202,
      -112536.93806379942,
      -105679.46830183192,
      -103707.4950100545,
      -115186.59210853673,
      -100063.71412114726,
      -117327.89988741609,
      -108666.16621884452,
      -88244.82291056482,
      -122433.1326523142,
      -106591.00047990294,
      -111515.222522349,
      -112763.20081660448,
      -107384.69769422151,
      -112672.95002771947,
      -103379.0976546948
    ],
    "queues": [
      111.1275,
      104.37,
      112.0675,
      100.6975,
      122.1075,
      113.9675,
      110.6325,
      108.1975,
      111.2175,
      106.0825,
      112.6675,
      109.8675,
      109.1925,
      116.58,
      113.3625,
      107.0275,
      120.29,
      105.065,
      106.5775,
      105.58,
      106.235,
      107.26,
      110.66,
      114.0775,
      121.5725,
      117.8725,
      108.7125,
      111.3475,
      117.87,
      108.405,
      119.02,
      103.9275,
      104.12,
      104.715,
      120.565,
      115.755,
      109.1025,
      107.75,
      116.1825,
      103.775,
      118.355,
      111.7625,
      96.675,
      122.25,
      110.115,
      113.3225,
      113.0775,
      110.43,
      115.0725,
      107.2025
    ],
    "training_time": 175.64299821853638,
    "stats": {
      "q_table_size": 11650,
      "total_state_actions": 14317,
      "total_updates": 19950,
      "current_epsilon": 0.005,
      "exploration_rate": 0.394,
      "exploration_count": 7880,
      "exploitation_count": 12120,
      "avg_q_value": -113.0342045518166,
      "max_q_value": 54.75480869965001,
      "min_q_value": -18557.205301221955,
      "epsilon_schedule": {
        "strategy": "cosine",
        "current_epsilon": 0.005,
        "initial_epsilon": 0.8,
        "epsilon_min": 0.005,
        "current_episode": 50,
        "total_episodes": 50,
        "decay_progress": 1.0,
        "step_episodes": null,
        "step_values": null
      }
    }
  },
  "enhanced": {
    "rewards": [
      -105602.61623864982,
      -107774.3175333097,
      -96572.10689330717,
      -103389.11897334557,
      -100107.6891675535,
      -97454.02119067028,
      -112529.1497912991,
      -107489.37616968222,
      -99093.31208001862,
      -100429.98823234007,
      -104982.5377487527,
      -114106.10571272047,
      -107020.90604924332,
      -107601.62837992905,
      -107190.9720642842,
      -102140.16490105748,
      -105064.46458177928,
      -109410.45915004615,
      -103734.5252591012,
      -111770.95582257856,
      -98879.24929404396,
      -125837.3318483655,
      -106095.08782016557,
      -98064.22600811403,
      -120582.24736812864,
      -110080.83456710073,
      -108156.06456673628,
      -135789.51005857036,
      -106634.66154612531,
      -107577.13257699073,
      -115340.67366513672,
      -104256.77265650975,
      -104865.06348008828,
      -99899.29536686993,
      -104927.33746206644,
      -96822.6527576659,
      -100601.76746019954,
      -103557.97769894467,
      -110955.87657404433,
      -100136.6952956228,
      -99027.40230479177,
      -105656.88997964848,
      -108388.529747642,
      -100836.30593989881,
      -120977.07579778692,
      -97580.93843935526,
      -111368.77590971484,
      -98923.16101452651,
      -94788.78064451738,
      -103423.17379762657
    ],
    "queues": [
      108.075,
      110.9825,
      99.775,
      106.62,
      103.77,
      102.2825,
      114.32,
      110.57,
      102.6425,
      103.69,
      108.75,
      116.9475,
      108.855,
      109.78,
      110.21,
      106.5475,
      108.4225,
      111.95,
      105.925,
      115.3175,
      102.8575,
      125.8575,
      109.7925,
      101.995,
      120.6825,
      113.835,
      111.5275,
      131.0025,
      108.885,
      109.93,
      116.9675,
      107.375,
      108.14,
      103.755,
      109.145,
      100.515,
      105.3975,
      107.795,
      113.1475,
      103.275,
      103.2975,
      110.2225,
      111.9025,
      105.2925,
      122.65,
      101.9025,
      113.9325,
      103.1025,
      99.01,
      108.0525
    ],
    "training_time": 185.1232931613922,
    "stats": {
      "q_table_size": 6284,
      "total_state_actions": 25200,
      "total_updates": 19950,
      "exploration_rate": 0.3892,
      "current_lr": 0.001,
      "lr_updates": 974,
      "replay_updates": 4980,
      "current_epsilon": 0.7467450980043144,
      "episode_progress": "50/50",
      "replay_buffer_size": 10000,
      "recent_avg_reward": -104097.10335755085,
      "reward_std": 7425.117992410358,
      "reward_trend": 458.4266243937301,
      "avg_td_error": 368.9817550447223
    }
  },
  "comparison": {
    "final_reward_improvement": -0.04263544945904003,
    "avg_reward_improvement": 4.583699079217276,
    "learning_speed_improvement": -48.26790432839248,
    "time_ratio": 1.0539747956879009
  }
}